64,30,34,45,21,21,31,59,40,25,77,50,42,47,10,21,16,70,72,87,14,14,83,50,50,88,30,21,17,69,8,8,70,33,23,41,20,74,40,82,47,82,30,60,26,8,64,61,31,40,2,86,48,61,12,19,7,36,82,28,40,40,62,56,86,9,31,6,86,76,47,31,16,62,21,8,60,60,80,48,57,69,36,43,44,55,76,73,34,38,25,4,48,24,31,19,13,55,30,51,59,47,51,2,64,31,12,62,30,67,22,28,6,8,35,40,46,26,51,21,10,68
50,79,5,24,22,38,57,13,81,10,45,30,1,13,14,62,42,72,13,70,41,3,39,32,14,69,58,36,7,55,88,80,47,27,40,42,8,77,78,70,26,37,64,61,41,5,71,17,76,80,4,4,66,78,13,77,65,83,33,19,46,8,58,30,16,45,53,56,48,68,59,51,74,59,27,88,75,22,64,40,86,85,2,53,29,27,87,52,56,81,5,82,53,17,20,65,11,83,86,62,17,70,48,35,35,76,83,17,22,51,41,6,52,7,86,20,13,72,31,55,18,5
27,47,3,78,25,53,5,24,75,73,76,45,50,84,59,44,3,63,47,46,56,80,25,17,29,85,81,73,16,77,11,82,57,59,39,62,7,17,34,23,60,43,33,62,82,23,42,53,15,44,45,85,84,45,61,73,69,85,75,21,12,81,12,44,34,47,69,26,15,18,40,81,15,76,66,18,66,77,87,69,8,79,41,42,25,44,10,51,3,12,20,35,71,52,61,57,56,23,24,6,65,82,45,62,47,16,51,60,79,4,54,1,31,27,65,41,21,68,2,76,72,40
40,51,82,83,79,80,16,26,69,44,9,19,73,25,44,74,83,1,83,31,18,52,35,25,18,36,75,63,49,83,50,56,18,79,14,63,11,62,41,18,85,49,77,14,65,55,60,39,71,38,62,41,65,74,7,1,84,17,25,56,29,35,80,33,55,84,30,8,11,38,14,20,53,71,10,25,37,9,44,81,42,46,60,47,47,23,1,27,9,87,30,41,36,16,5,48,7,87,83,59,63,59,36,28,63,17,68,12,18,45,36,86,18,2,5,63,72,39,23,49,19,15
1,32,21,69,47,49,82,23,84,72,40,27,62,35,50,9,15,84,87,32,49,12,30,51,26,9,39,46,36,52,57,17,24,78,77,24,87,80,52,12,14,53,50,84,81,25,1,30,7,83,7,72,40,29,60,12,55,87,1,23,42,86,69,54,49,15,62,60,7,1,4,82,38,43,67,81,58,26,34,2,17,32,38,65,28,68,6,22,16,37,72,73,56,44,14,20,54,31,8,15,43,34,62,46,75,36,24,59,32,1,21,42,30,62,13,27,81,87,50,18,70,87
28,58,71,67,2,13,55,53,73,53,20,61,49,15,51,87,71,29,12,68,51,18,33,54,60,65,41,18,71,8,39,9,31,82,78,80,3,15,8,74,42,3,45,31,75,46,15,75,6,16,26,1,1,15,21,9,13,26,10,54,44,7,78,5,48,70,80,80,19,8,30,77,41,67,79,5,76,54,5,61,34,47,80,46,68,74,15,56,51,61,14,9,21,42,70,73,5,68,1,19,29,33,41,50,86,30,33,64,63,26,39,83,41,71,52,65,69,85,63,22,50,6
88,13,52,38,59,9,24,82,14,6,87,69,64,63,29,68,62,74,26,67,45,34,85,20,63,16,28,37,50,12,56,22,3,52,7,29,52,49,54,31,31,50,80,88,74,16,44,32,40,82,33,21,31,84,80,41,71,64,78,41,76,3,13,58,45,56,4,86,60,63,65,17,26,40,76,38,16,2,33,16,60,71,28,2,78,45,22,64,23,88,32,13,18,58,50,64,27,33,85,72,28,10,3,13,14,55,38,44,10,34,44,85,11,63,43,25,29,11,82,34,42,25
69,72,55,17,65,58,48,10,54,70,52,1,55,72,60,28,51,69,53,82,66,39,65,35,6,87,73,44,31,39,14,2,65,31,67,88,59,38,51,51,5,28,16,78,19,62,74,9,68,87,3,39,34,6,32,8,12,7,44,81,71,68,57,9,88,69,88,65,66,61,26,80,11,1,41,54,20,81,55,12,50,39,73,58,52,57,14,50,83,35,45,66,22,19,19,63,65,64,74,30,74,44,2,32,85,48,58,3,19,80,55,60,51,58,25,59,86,4,12,19,62,8
15,64,80,43,8,73,84,49,20,65,26,24,26,87,22,35,10,4,51,41,77,58,27,56,74,84,24,4,59,3,42,6,55,11,47,2,23,5,75,52,57,15,72,68,45,6,87,63,22,69,54,87,41,37,82,56,35,13,48,18,56,43,64,76,71,28,42,45,43,28,78,30,50,81,83,63,69,67,42,41,54,41,39,73,8,60,31,45,4,15,67,77,8,11,74,17,52,78,26,58,58,16,61,12,1,18,66,81,2,46,78,82,10,64,70,43,33,44,54,64,85,20
75,73,77,41,10,15,8,64,11,2,21,2,48,41,77,78,2,20,32,2,10,42,59,74,36,70,38,55,65,34,25,53,13,53,29,8,44,20,71,54,2,78,88,39,35,72,62,15,58,19,69,47,80,48,54,83,79,8,51,48,79,42,20,16,11,72,34,9,5,81,82,86,55,86,53,70,30,13,65,8,46,63,43,38,43,29,51,44,67,60,57,11,42,26,85,33,81,45,50,42,75,71,64,70,50,81,48,80,45,85,29,17,49,17,27,1,28,36,70,71,54,72
79,23,6,1,67,88,51,8,78,45,82,20,71,33,68,53,65,77,25,27,74,48,24,7,71,40,64,26,43,59,85,37,66,16,70,13,43,27,1,45,82,17,54,28,83,65,12,26,43,41,75,23,64,70,88,38,77,49,38,24,22,33,55,77,58,48,47,24,46,52,70,60,72,49,68,68,56,11,75,78,5,87,4,32,1,15,44,70,53,4,13,71,5,22,76,77,72,35,56,86,48,86,15,47,33,69,11,6,34,2,17,40,40,79,3,31,11,81,85,48,23,38
22,41,61,4,28,1,21,74,12,80,19,78,32,78,75,22,77,25,27,13,86,67,42,5,12,61,70,82,4,80,55,16,84,23,87,22,31,29,57,26,43,56,40,46,61,74,26,85,28,21,64,37,60,63,59,84,73,32,12,74,59,61,30,84,26,14,85,30,85,55,35,37,34,23,48,13,13,78,24,31,23,31,15,56,15,78,63,4,35,40,68,43,50,8,34,69,31,77,59,3,55,35,58,1,37,27,70,38,81,25,4,65,56,30,8,57,80,65,56,83,64,58
45,68,50,11,68,37,3,35,35,13,78,31,57,40,82,3,48,64,54,11,44,85,76,75,64,34,80,61,61,46,81,72,5,71,63,28,2,34,21,53,23,77,26,15,46,87,10,52,13,14,43,75,37,31,37,31,15,34,18,77,9,65,66,62,37,2,61,48,69,54,17,84,9,68,58,65,53,75,67,4,21,37,14,10,36,39,35,31,7,84,2,58,86,61,82,75,44,80,78,12,53,12,40,44,11,86,73,35,61,5,79,74,61,31,83,56,4,88,4,56,33,42
43,61,11,76,13,62,42,68,68,39,33,22,63,55,53,54,46,79,77,69,11,84,12,16,10,38,65,33,83,81,86,54,35,14,64,1,18,78,86,59,37,32,19,73,50,35,22,16,27,55,19,30,69,51,43,59,48,78,54,31,35,56,41,25,29,24,83,73,41,27,44,36,56,78,17,79,8,63,27,57,75,7,79,49,70,73,13,67,2,85,24,52,68,51,56,88,2,58,57,32,47,28,27,72,79,5,52,26,64,28,30,73,5,32,14,76,82,84,27,78,1,76
59,38,9,13,43,65,70,11,85,66,66,40,84,67,5,70,26,2,19,39,29,44,32,83,42,86,2,40,69,62,36,27,69,87,61,83,80,26,11,11,38,71,73,54,78,68,63,24,24,63,67,29,71,30,50,66,83,55,37,67,58,83,15,31,23,73,2,70,42,22,9,7,52,33,62,6,10,41,74,15,13,72,29,41,74,42,30,3,18,79,19,86,15,35,45,74,77,76,63,33,8,76,25,10,81,9,62,45,88,88,76,37,68,18,15,87,83,40,19,33,87,21
14,9,75,47,49,44,35,72,42,16,73,73,46,59,41,86,85,68,38,21,28,62,43,71,77,5,5,87,82,38,17,87,81,77,20,86,35,61,35,39,13,4,82,57,14,37,19,43,3,36,38,59,63,19,70,62,24,59,23,64,5,74,49,70,62,23,36,28,64,45,66,38,7,2,59,31,55,50,12,9,19,2,56,59,87,79,28,82,37,23,39,50,85,43,78,34,49,70,7,28,68,61,56,56,24,82,42,73,29,63,61,69,79,51,57,26,44,45,57,38,67,39
53,15,51,32,9,33,80,18,16,38,17,63,47,7,46,14,63,27,58,73,84,7,40,67,4,18,59,72,32,74,47,7,51,13,17,47,29,48,62,32,24,24,20,5,31,42,35,64,84,23,15,17,2,73,16,26,44,43,85,46,7,47,16,50,54,68,3,69,63,49,83,28,66,42,11,1,19,21,49,33,64,49,19,77,59,16,11,39,31,71,7,19,23,31,73,53,30,13,45,61,40,21,18,80,3,66,21,78,46,22,38,66,72,69,53,81,5,22,44,44,22,27
46,4,19,15,35,19,72,57,46,28,46,13,25,21,13,4,1,35,71,55,2,28,29,49,87,22,12,9,85,71,78,61,34,36,57,70,56,57,61,8,21,9,78,11,8,84,80,6,16,39,72,78,27,28,81,21,82,14,61,84,81,13,46,20,57,10,32,14,4,16,25,69,68,21,63,46,7,32,4,46,83,81,49,80,5,70,77,86,27,8,35,32,3,55,13,79,33,56,72,73,3,75,23,26,78,50,49,42,16,13,80,32,75,48,46,74,26,32,66,1,75,62
11,88,28,54,75,36,86,22,26,69,43,35,11,39,31,77,87,82,60,84,78,45,46,18,15,47,45,52,66,47,49,12,87,26,65,3,24,24,48,40,56,80,44,75,54,4,27,72,65,57,57,12,43,21,42,85,19,21,26,1,80,1,63,24,9,6,11,10,26,82,32,46,65,13,60,16,46,82,59,63,25,59,42,18,82,14,81,65,26,29,75,3,44,63,30,28,55,57,4,24,14,69,28,85,73,7,88,63,71,8,20,12,36,81,58,47,31,1,76,40,29,60
71,19,78,58,83,50,32,15,79,87,41,60,9,54,57,2,78,57,45,88,87,75,31,57,39,13,43,34,30,60,7,21,38,37,45,40,60,25,66,41,83,58,17,77,37,12,65,47,48,85,29,84,73,3,48,7,62,25,58,69,55,5,82,18,50,59,26,11,23,85,88,1,18,29,13,20,57,65,37,30,88,20,35,28,23,28,68,37,71,53,58,39,70,7,65,31,87,44,43,44,16,40,74,71,57,70,15,16,54,12,1,20,80,76,22,32,59,16,5,11,39,66
17,71,60,56,14,28,43,87,83,60,55,80,35,5,86,40,79,34,41,45,17,26,68,45,54,49,74,50,22,32,28,85,14,67,12,19,85,36,30,21,71,72,5,34,27,48,43,68,74,11,27,73,82,35,86,47,88,48,63,12,27,45,33,38,79,60,63,27,51,29,62,68,17,8,8,67,39,28,53,24,82,22,25,60,17,56,54,20,52,7,40,61,19,87,86,54,86,39,3,46,78,26,29,43,74,61,69,43,23,31,11,44,87,61,29,5,37,43,13,62,73,85
21,81,38,18,86,34,17,75,36,46,22,81,14,74,71,24,27,86,61,83,83,19,69,42,65,64,83,24,80,31,41,66,86,46,71,57,73,84,6,61,36,12,14,26,17,2,45,14,14,47,53,62,33,86,31,51,9,19,87,38,32,52,60,61,77,77,43,34,59,53,13,15,46,26,30,42,50,74,6,36,44,19,1,21,24,25,49,29,24,17,23,53,66,81,79,86,60,16,80,64,71,83,9,51,87,32,46,1,48,86,65,46,77,10,60,12,67,58,24,51,43,16
19,67,1,82,80,66,39,33,47,8,10,65,65,70,23,16,7,39,6,16,26,35,63,15,38,82,33,23,45,76,66,28,79,48,9,44,33,55,5,65,22,26,57,56,33,17,6,21,66,26,77,24,50,41,6,78,34,58,64,52,39,22,40,79,39,67,19,84,35,62,15,63,57,85,5,69,73,16,62,83,84,45,72,13,22,17,27,26,57,69,85,76,40,1,29,3,48,9,34,88,79,81,49,4,38,6,18,74,59,69,49,2,44,1,2,79,53,35,17,65,68,77
66,8,27,61,23,55,40,86,19,7,85,5,70,24,62,59,12,8,1,8,38,79,14,81,72,10,20,62,39,64,15,35,4,73,34,37,72,52,68,81,79,21,4,36,58,82,40,20,21,27,17,63,49,7,27,15,33,53,21,59,48,32,47,74,36,3,13,81,34,21,42,50,79,18,18,47,5,30,9,58,69,28,85,78,83,76,42,72,49,70,56,49,72,60,7,13,21,46,62,38,77,78,8,57,80,34,86,50,60,52,16,57,65,47,23,19,57,77,68,79,40,86
39,59,14,70,72,72,71,9,9,49,2,84,44,9,26,38,64,81,66,35,52,33,48,61,53,26,25,31,12,24,67,55,37,66,48,75,53,41,49,46,80,67,8,53,36,47,46,11,18,22,82,18,32,85,4,30,40,88,66,78,13,26,23,14,10,65,22,44,71,3,87,55,83,17,24,40,41,71,1,11,7,35,66,33,65,65,80,68,60,45,62,36,2,23,71,76,20,17,38,50,80,6,75,39,6,4,32,53,57,47,14,70,64,83,32,2,47,59,58,58,35,69
54,25,68,65,34,7,79,16,53,64,70,25,17,69,49,19,24,41,59,30,15,46,9,13,45,63,55,64,55,15,58,68,50,62,59,43,25,19,28,13,6,51,68,35,39,71,39,7,78,45,70,81,21,9,34,68,51,3,32,17,63,84,53,66,22,32,15,47,84,20,60,75,14,87,49,52,79,15,52,29,6,29,69,8,73,10,19,77,62,64,65,74,13,3,81,32,1,8,42,68,35,77,12,88,59,43,6,54,56,43,46,10,48,4,7,73,14,12,36,45,6,18
70,3,32,57,73,63,38,39,15,32,81,76,37,56,11,31,60,53,43,1,4,43,49,19,11,24,42,47,20,63,5,47,72,68,18,87,51,71,42,2,39,23,35,3,44,21,51,65,5,64,23,40,47,26,75,24,63,57,70,58,60,72,34,52,78,7,46,62,49,51,33,39,27,84,20,72,38,8,16,70,78,4,75,83,9,3,45,66,21,54,80,34,76,80,47,21,80,43,48,76,12,49,87,38,27,56,16,7,26,38,58,33,12,68,56,3,15,54,47,53,51,31
76,78,76,37,11,17,29,20,8,51,54,18,59,52,63,49,57,6,50,18,42,49,16,59,46,81,69,76,41,19,54,75,83,12,11,31,41,81,20,38,74,20,83,24,53,56,23,3,86,48,21,46,59,68,78,54,56,54,16,71,86,25,17,15,31,57,81,46,68,56,61,5,58,6,4,84,6,17,83,71,14,30,53,74,81,67,69,33,48,59,53,40,78,45,44,47,34,75,40,22,60,18,24,75,13,75,28,68,84,76,53,16,86,53,75,15,50,67,42,23,11,49
86,16,44,22,3,79,12,52,38,50,1,26,6,65,30,73,38,5,62,86,88,16,56,53,79,77,32,68,1,82,43,31,6,4,55,46,82,70,14,63,40,16,28,32,18,32,53,84,77,37,71,65,15,43,38,76,39,29,80,42,17,12,4,81,73,25,56,41,81,33,27,53,76,63,2,2,62,14,8,34,51,61,61,24,38,40,82,55,59,58,78,6,27,13,28,10,38,4,13,80,42,87,81,16,7,42,65,27,44,14,47,62,59,38,49,60,51,50,73,43,74,37
47,42,10,87,71,77,68,88,57,17,59,53,12,80,70,61,39,43,86,85,68,55,34,63,59,54,9,35,60,14,38,39,40,64,80,21,19,86,81,15,19,79,53,47,29,45,7,44,20,84,30,43,11,83,62,27,72,56,65,4,14,38,56,72,19,51,59,72,20,86,74,21,45,10,43,44,85,39,17,23,63,10,63,51,12,88,38,88,45,68,70,46,47,83,27,82,35,11,51,10,36,60,52,73,49,73,63,22,49,58,70,52,38,67,24,84,1,53,43,87,8,61
35,70,63,2,62,81,83,83,67,37,88,41,53,23,6,42,43,62,7,9,35,77,47,39,37,46,63,85,76,75,24,4,29,17,31,72,13,12,27,4,81,31,70,4,22,3,49,19,81,59,63,71,35,49,76,58,14,46,69,2,62,85,19,83,85,11,20,54,65,35,2,22,51,77,54,17,63,40,46,76,41,77,44,1,30,50,62,48,19,19,37,37,59,59,2,16,57,48,47,1,21,72,42,20,88,46,20,32,1,79,57,36,26,25,80,88,6,19,18,66,77,22
37,87,66,21,40,87,81,17,66,43,37,7,22,12,78,23,69,56,34,42,58,53,75,70,70,62,68,83,25,88,34,57,82,47,60,45,76,11,44,73,77,68,38,21,64,64,50,67,72,78,59,2,54,47,47,33,23,28,43,8,47,82,88,8,60,18,10,64,14,58,8,74,63,73,15,57,49,83,38,59,53,65,27,79,57,19,34,13,20,26,71,78,35,78,62,38,78,41,33,87,76,1,85,74,39,78,67,55,68,81,52,55,46,9,11,58,16,78,49,69,49,71
56,54,26,19,36,11,53,67,88,86,38,54,82,20,36,66,8,13,10,79,79,65,72,2,33,67,13,19,67,1,79,24,16,58,15,7,66,58,16,86,76,62,41,66,68,43,81,80,50,49,24,83,42,42,5,64,38,42,56,29,65,50,10,21,15,30,71,53,12,39,73,52,24,34,29,43,9,68,58,64,36,5,83,64,61,21,41,60,13,74,15,88,17,70,35,30,3,18,12,9,26,38,26,58,12,20,43,34,31,18,77,77,42,45,74,22,87,8,7,82,5,57
78,45,29,63,66,86,34,65,7,4,29,32,85,8,45,84,35,73,36,56,76,21,58,44,28,35,46,17,57,27,40,3,10,20,28,16,47,1,23,88,70,33,71,43,60,39,21,66,49,51,20,67,19,1,29,6,60,37,11,68,37,11,27,45,46,85,38,38,45,60,67,14,23,3,75,34,59,59,56,3,30,58,13,23,31,24,59,10,78,24,82,63,65,64,8,36,69,74,41,52,50,9,68,6,16,21,57,88,62,20,67,22,3,6,72,83,3,86,75,74,78,63
44,12,70,16,12,4,61,4,32,55,57,82,15,18,19,45,68,12,44,33,9,41,44,12,82,31,84,29,3,16,45,30,15,28,22,82,57,4,73,87,45,70,48,9,6,73,76,48,12,76,18,68,7,55,66,43,29,10,40,85,33,73,76,7,25,29,49,40,25,79,79,26,1,53,31,15,15,25,14,28,68,15,16,35,54,2,70,1,69,20,52,18,61,76,53,26,10,60,55,74,11,43,66,15,32,67,39,11,77,87,75,53,2,54,82,37,71,66,62,6,3,75
83,17,31,59,74,32,88,54,59,67,3,71,19,3,7,79,36,75,70,23,7,69,61,64,86,41,86,70,42,7,6,29,48,55,6,81,65,21,88,42,41,2,49,13,1,77,47,71,82,81,46,58,52,60,36,82,37,60,9,27,72,27,36,55,70,20,14,17,50,37,22,4,33,39,72,87,36,43,39,56,49,11,68,12,75,53,61,81,64,41,8,68,83,74,12,29,76,85,49,25,41,80,43,9,29,68,17,31,87,9,9,76,24,46,44,4,48,74,80,10,12,36
38,84,49,10,27,12,25,30,25,81,83,85,38,16,64,32,70,87,3,49,60,37,87,31,13,57,82,39,68,26,53,78,52,60,54,84,34,67,38,10,29,11,39,17,76,49,84,37,46,31,66,88,46,23,45,50,11,82,88,26,64,51,83,32,33,61,45,74,37,69,77,10,48,48,44,4,34,46,13,82,87,6,64,54,6,75,74,23,87,75,55,55,31,49,42,25,19,37,37,65,61,54,54,86,34,39,2,83,51,30,3,51,37,5,59,45,64,27,25,24,47,53
13,2,7,68,45,71,62,34,4,1,34,59,4,82,25,60,59,80,33,80,39,78,60,14,51,4,8,6,15,29,80,70,54,22,56,55,36,6,22,75,30,76,13,64,59,78,82,27,63,50,31,31,10,44,51,17,53,72,5,40,67,20,25,53,14,33,87,71,22,43,1,33,37,35,46,27,74,29,72,39,9,60,31,72,2,87,78,54,54,27,16,21,69,37,38,5,39,29,69,5,9,39,30,45,53,84,85,9,9,27,31,30,39,24,88,85,20,34,60,16,15,17
3,6,79,74,46,29,58,51,30,35,35,86,23,11,2,25,17,33,46,63,47,73,26,46,41,6,7,53,19,45,26,64,27,29,73,69,48,51,64,78,78,47,47,29,70,1,41,23,32,67,86,76,58,65,2,44,46,75,86,80,16,77,35,67,64,38,84,37,38,42,10,8,30,80,34,76,65,80,60,87,58,34,40,36,71,4,50,34,84,11,51,38,62,27,67,62,84,84,61,43,52,31,39,83,31,64,44,75,36,84,23,5,57,41,63,50,8,9,38,42,58,45
32,82,53,25,30,75,60,40,21,12,48,74,88,51,76,65,52,19,9,60,67,81,81,6,44,8,19,80,13,13,4,1,22,21,46,53,58,53,69,16,53,86,46,82,11,28,8,46,45,17,39,42,28,57,58,81,80,80,77,51,83,55,74,27,30,53,41,33,3,41,76,59,88,27,69,50,43,61,31,73,62,50,78,17,85,30,32,28,66,65,11,56,67,38,24,66,24,30,21,79,10,53,83,40,61,77,7,30,21,49,10,27,21,65,28,9,22,18,41,68,66,79
34,1,83,51,57,45,22,81,82,88,36,21,18,77,3,88,19,10,22,24,33,40,62,34,22,42,71,16,78,5,60,62,19,43,43,34,77,28,87,79,66,88,23,33,16,69,30,70,54,13,74,13,45,64,11,3,42,4,83,83,19,4,9,1,18,83,18,4,70,2,56,48,43,54,19,53,45,55,69,60,37,84,65,85,46,33,2,32,85,9,84,75,32,68,26,68,73,61,67,71,70,22,46,23,48,59,56,49,43,36,56,79,73,75,79,72,10,42,28,4,88,44
41,18,72,73,26,31,4,14,13,22,63,44,40,17,16,81,73,42,75,22,1,56,23,22,67,19,21,41,23,11,31,46,80,86,21,10,46,16,9,27,68,63,79,65,85,63,78,82,35,10,78,3,68,34,19,70,43,11,35,43,25,78,5,10,7,26,75,25,76,19,71,43,31,25,80,49,35,45,29,72,29,62,67,16,63,54,21,35,30,22,79,1,12,57,83,27,62,32,44,14,30,36,21,66,19,15,79,58,6,83,8,18,84,12,1,21,56,31,86,15,20,59
57,66,12,20,78,30,28,66,86,56,13,15,51,57,12,12,32,76,15,3,6,25,74,82,9,39,14,74,52,66,70,81,44,34,44,61,84,59,55,48,69,29,42,69,52,18,38,81,83,5,34,14,20,20,3,52,86,50,19,49,53,80,67,40,76,78,51,21,62,72,16,88,78,55,65,35,25,58,68,20,20,48,55,30,66,66,48,2,44,47,41,14,24,33,54,61,36,38,16,35,20,57,73,81,10,13,9,51,39,60,50,35,15,15,62,68,88,64,83,2,60,13
72,33,37,39,69,47,74,71,56,5,74,47,83,85,79,43,20,44,52,53,72,38,4,47,83,66,77,57,62,10,64,83,61,19,42,58,4,45,83,1,75,42,34,67,23,30,73,51,34,20,60,19,12,66,79,5,22,16,20,30,36,19,38,63,2,1,82,63,9,36,48,87,3,69,74,51,3,36,54,85,40,36,58,62,16,48,53,9,39,21,6,22,55,56,36,23,75,19,9,85,37,8,65,18,52,38,29,19,40,62,74,80,74,35,20,28,75,63,33,36,9,1
24,26,30,30,39,8,18,41,62,27,8,11,10,2,35,64,4,9,48,7,55,51,38,29,84,1,16,79,70,67,65,48,88,18,3,59,69,73,76,66,11,1,25,87,79,80,29,69,1,53,16,74,62,80,39,65,8,18,57,14,24,67,52,43,13,74,48,16,28,14,63,71,85,38,61,80,77,6,19,80,3,80,6,37,77,71,3,11,28,6,18,83,37,18,43,6,45,73,36,41,27,5,5,19,25,25,76,86,15,39,48,31,25,88,6,80,49,76,69,31,7,80
49,29,18,81,53,35,77,32,61,19,28,9,61,62,88,39,58,11,69,65,70,23,8,24,24,51,18,49,8,21,69,58,46,45,85,49,22,9,18,37,20,35,9,72,77,60,57,22,62,42,10,9,39,62,41,57,21,44,27,70,85,71,37,35,43,49,21,82,78,47,12,67,29,52,12,29,40,42,32,51,2,40,51,19,3,52,16,21,74,49,74,51,38,71,32,60,67,5,84,70,72,30,79,31,42,53,8,52,37,35,43,63,4,66,47,13,19,25,6,7,41,24
8,74,84,84,6,10,69,80,39,14,5,43,30,46,72,7,61,83,37,44,8,66,13,28,49,78,4,25,2,22,10,74,75,84,74,48,21,56,53,44,87,75,18,70,3,83,83,87,67,43,58,38,77,32,72,79,76,81,74,66,70,87,79,3,59,12,44,66,31,71,38,65,64,88,64,55,17,49,43,18,28,82,70,81,37,38,40,30,73,80,69,20,20,66,6,80,51,66,54,26,32,50,37,59,23,10,3,46,78,68,19,61,19,3,50,34,70,10,65,86,52,78
63,60,73,80,48,64,46,36,28,48,68,64,8,68,27,15,66,22,23,20,3,61,50,77,76,73,61,42,11,23,52,73,30,49,4,18,32,60,82,57,49,25,24,7,32,36,79,45,37,15,76,64,22,11,63,71,67,41,72,13,61,14,39,28,68,58,12,29,54,75,31,11,49,7,25,21,31,1,57,53,16,43,23,69,88,12,86,63,5,67,88,80,28,82,58,51,53,2,17,11,38,65,57,8,56,49,31,33,4,50,12,49,43,37,16,78,55,6,30,85,80,64
29,11,2,85,41,67,56,27,48,21,72,77,78,1,8,51,30,47,2,52,23,86,22,9,62,12,35,11,47,41,29,63,85,44,25,27,12,54,32,58,65,73,55,30,13,26,28,73,85,77,48,48,5,56,30,10,25,66,3,73,28,29,32,60,63,54,60,49,21,88,55,27,81,47,33,75,1,38,86,1,18,13,21,75,20,9,29,5,46,43,26,70,26,84,3,78,23,3,35,18,88,68,76,36,17,79,10,47,33,77,26,45,81,60,78,33,38,24,40,80,31,56
80,55,46,88,85,70,85,45,55,41,84,36,52,37,47,6,81,36,8,81,16,88,82,79,40,2,23,86,14,6,37,18,68,38,36,52,75,10,10,9,4,22,12,83,47,85,16,36,88,33,36,61,44,82,67,87,4,40,29,33,15,48,68,2,47,19,79,23,18,74,84,78,70,57,71,30,84,72,3,10,56,74,37,45,69,64,12,42,25,42,21,31,9,69,63,52,66,28,14,78,33,20,7,14,55,62,80,23,65,65,66,54,34,13,68,55,66,52,37,20,4,12
30,69,65,75,15,26,9,47,37,59,56,62,41,53,20,30,22,15,20,76,32,1,86,23,8,79,27,69,18,84,83,67,36,69,76,78,78,2,85,67,27,14,84,23,86,15,67,31,53,65,56,80,81,10,56,11,31,33,22,15,10,37,14,26,74,13,70,68,17,40,58,6,5,11,82,11,4,24,78,52,70,64,48,48,80,43,9,61,43,44,3,17,10,72,88,18,88,49,27,16,54,32,10,54,20,3,45,72,52,15,87,23,54,49,38,53,36,51,26,9,45,73
84,80,56,40,84,6,10,31,52,31,11,17,16,28,66,50,14,66,67,57,85,30,64,72,68,14,66,71,54,28,27,10,45,70,19,68,63,68,24,56,35,39,21,48,28,11,77,54,39,34,12,51,4,5,40,46,41,76,6,76,78,58,8,13,56,86,64,51,53,50,49,56,82,28,32,77,54,44,66,47,77,70,84,52,53,69,67,74,1,66,47,79,49,40,10,58,83,24,19,83,87,2,31,69,28,12,4,41,5,44,35,29,76,52,71,70,65,14,45,84,86,84
60,10,40,3,33,78,27,50,49,61,75,34,66,60,56,67,44,17,29,15,62,82,84,87,20,60,10,3,37,85,63,71,26,24,26,38,14,79,29,17,84,30,69,1,12,76,54,77,19,52,65,57,83,58,18,25,66,24,34,79,31,60,3,46,67,75,6,83,29,17,23,3,44,5,50,85,80,64,23,13,76,9,62,29,76,6,36,71,14,36,61,5,39,47,75,83,63,63,60,27,73,56,53,48,51,74,26,13,53,78,73,26,66,55,33,14,76,37,21,75,79,32
18,46,86,62,17,84,11,77,6,23,30,33,67,86,43,76,45,55,28,64,22,10,15,69,21,44,6,15,10,42,13,69,60,54,79,64,27,63,80,69,8,69,7,40,4,88,32,79,64,2,40,53,30,54,35,29,47,39,45,6,75,44,84,64,1,34,29,39,52,11,6,70,84,16,22,32,29,23,85,66,35,33,86,44,45,11,8,84,33,10,73,62,33,6,80,84,46,69,31,39,2,67,13,68,54,26,72,39,75,54,83,3,33,40,10,69,34,13,84,81,14,74
67,65,87,8,82,3,13,6,23,79,31,66,21,29,40,5,50,65,80,77,40,50,71,73,16,55,31,75,35,40,30,84,63,83,2,77,28,13,50,77,12,48,31,19,51,61,34,33,9,7,35,66,53,17,46,49,5,12,76,86,20,23,22,71,38,88,25,31,61,9,37,9,40,56,16,14,82,48,71,79,32,78,32,76,27,35,33,8,88,34,22,81,46,75,25,85,61,88,10,13,23,84,67,77,15,54,34,77,82,64,63,50,16,11,36,66,52,70,78,25,84,65
16,63,64,36,61,57,1,58,3,71,42,72,74,43,73,69,31,78,57,43,71,71,78,41,32,25,15,65,27,70,75,13,43,88,88,6,38,85,65,35,55,5,1,38,15,50,14,56,87,75,50,22,76,40,57,88,49,45,13,75,30,30,77,17,83,40,9,1,87,57,41,24,4,4,26,24,78,18,51,19,12,16,11,26,35,81,88,40,72,48,36,87,6,46,46,41,25,34,70,2,25,3,63,24,41,33,14,87,13,71,88,59,8,84,64,30,25,80,11,52,34,46
26,44,17,34,18,16,23,44,44,33,67,67,31,32,58,1,29,59,78,17,65,68,17,11,52,37,22,78,21,56,59,76,9,42,83,9,86,30,33,72,17,84,51,22,49,40,5,58,75,8,11,69,36,77,33,45,28,79,52,9,43,54,26,78,42,79,68,12,58,13,24,25,80,46,3,45,33,86,28,49,39,75,45,63,41,36,46,38,22,13,9,2,57,21,52,43,18,62,88,67,34,45,4,3,71,35,47,15,70,75,25,88,35,36,84,8,78,73,22,59,56,54
36,62,13,35,60,39,63,42,65,62,4,37,36,48,61,11,75,31,40,54,13,32,54,80,5,7,49,45,64,9,46,40,76,51,5,76,83,8,47,7,67,46,67,85,66,57,56,86,4,9,13,60,67,12,17,22,54,77,2,72,54,16,43,86,24,4,35,50,82,25,29,47,87,45,51,61,67,79,81,38,11,52,50,3,32,77,55,78,80,30,60,84,75,86,21,22,43,14,68,36,7,14,70,34,22,14,37,82,83,40,28,87,67,78,34,11,62,28,35,61,2,83
61,48,33,5,76,74,19,78,50,29,14,58,58,66,80,18,37,30,79,75,43,54,67,78,25,30,26,48,75,33,1,65,77,2,16,65,55,82,60,43,63,55,66,37,5,59,33,5,38,1,68,77,79,24,55,32,61,84,42,32,23,88,59,69,20,81,72,35,73,59,80,58,71,66,73,33,48,57,25,45,10,1,26,61,58,46,64,85,70,63,34,47,82,4,16,12,42,53,39,63,83,48,1,61,46,71,53,21,73,19,2,13,70,16,81,29,43,38,16,14,48,34
9,39,15,46,24,23,37,63,22,75,27,28,29,58,87,27,56,88,65,78,5,4,1,8,43,11,50,60,34,17,87,11,32,72,52,15,81,35,84,36,10,44,37,41,42,54,55,49,61,71,6,44,75,69,52,18,68,61,60,63,26,9,72,75,53,44,74,61,55,12,5,83,13,72,55,59,86,56,47,6,45,14,7,55,7,72,26,25,55,72,4,85,11,12,18,37,40,72,79,56,13,66,71,21,77,24,23,76,27,29,62,72,63,86,66,86,30,20,53,26,13,23
73,27,4,12,50,27,7,21,41,76,49,79,80,75,18,26,86,50,39,14,75,5,70,62,31,58,54,1,63,78,23,49,28,41,66,35,37,69,77,19,51,36,65,51,87,38,3,59,2,30,14,50,13,81,20,72,20,22,39,45,8,36,54,41,81,46,66,2,75,5,46,72,47,58,52,41,51,19,82,54,72,27,3,84,50,86,24,36,17,76,27,25,14,79,4,15,85,67,82,17,85,7,38,25,60,23,82,57,20,7,15,11,50,26,19,36,61,79,20,47,27,9
12,86,69,53,87,24,49,12,77,63,51,14,45,31,39,8,74,14,63,61,19,64,73,21,85,50,36,43,9,79,48,77,41,50,13,50,1,43,31,83,44,81,11,58,67,66,70,76,51,54,55,55,74,39,28,53,6,68,41,25,51,70,51,11,4,8,65,18,77,4,3,41,2,15,57,26,47,84,77,75,43,42,71,22,49,41,17,87,75,33,44,48,88,34,40,35,17,26,15,40,39,46,34,27,5,44,84,66,7,11,82,38,83,77,48,38,41,3,8,29,82,4
51,24,62,64,54,42,52,79,80,20,86,39,77,19,54,13,9,85,42,6,20,76,52,68,19,75,76,10,46,53,61,19,20,5,75,60,71,64,26,6,16,61,75,45,10,79,37,38,33,24,81,32,72,8,9,42,81,5,81,88,21,39,75,87,3,64,39,58,36,34,39,76,21,74,28,19,68,34,84,65,52,21,22,14,84,59,79,75,42,32,17,72,1,25,33,39,70,6,64,8,44,85,84,67,26,37,50,79,74,61,42,48,28,87,9,44,85,82,48,17,69,43
62,77,48,7,5,2,87,19,43,34,15,3,81,4,83,71,67,46,35,74,30,29,2,66,17,72,11,20,51,18,73,34,1,57,1,26,88,31,2,50,48,13,6,79,72,14,59,25,10,28,47,70,24,4,71,60,36,2,17,55,84,63,73,12,61,42,17,57,56,64,7,32,62,60,87,9,81,88,41,5,4,17,76,57,64,18,47,53,65,51,29,69,51,15,60,1,12,79,81,37,46,64,47,82,70,28,54,84,28,23,27,15,7,29,12,18,45,48,77,12,55,29
52,43,24,48,20,69,59,43,63,11,79,42,72,34,34,34,88,23,81,48,46,17,45,60,56,59,88,8,38,61,32,88,11,56,10,25,15,22,59,80,72,59,59,42,2,20,52,13,26,61,41,79,25,71,15,34,70,1,28,87,49,59,18,22,44,39,33,79,6,73,19,40,73,37,6,36,23,47,2,88,79,3,18,70,48,20,25,62,50,18,43,28,81,20,87,4,15,71,58,7,51,17,72,87,45,72,36,67,12,66,59,64,85,82,85,52,18,29,1,32,24,67
68,76,39,28,63,59,54,61,34,77,47,12,75,61,48,36,23,16,24,66,59,57,10,84,73,27,51,54,74,73,35,23,53,9,53,66,16,18,58,64,58,83,32,16,62,75,58,18,41,29,1,15,6,59,77,39,26,52,46,34,4,21,86,51,80,80,1,7,74,78,68,49,69,50,47,3,14,27,76,50,55,86,59,11,33,51,84,43,8,50,83,30,54,85,57,14,6,1,53,55,56,41,50,49,69,45,78,61,17,21,71,71,14,22,54,62,27,7,29,8,61,3
58,28,59,60,38,41,66,73,74,78,62,4,24,73,38,57,54,37,56,19,61,72,88,76,48,71,52,88,5,2,72,60,62,10,82,30,74,23,15,47,33,6,56,10,40,70,9,62,8,6,49,33,61,46,26,67,85,38,50,57,57,69,11,49,52,63,55,20,88,26,57,23,39,20,86,28,27,3,18,27,71,44,52,20,34,58,20,18,58,82,12,59,30,9,41,46,41,59,32,53,31,27,32,22,8,40,87,18,47,48,24,8,58,56,42,71,2,47,32,67,26,88
5,85,67,52,56,60,50,69,72,57,18,6,87,71,52,20,84,54,17,50,82,36,3,55,55,23,37,12,81,48,74,86,42,8,68,14,30,39,74,85,61,85,74,76,38,52,68,35,55,70,32,11,88,72,85,75,32,51,84,60,18,79,2,36,87,5,78,3,16,77,52,62,25,82,70,23,71,20,79,37,38,51,24,88,86,83,58,12,61,78,64,15,41,14,11,49,9,81,87,81,66,55,22,78,66,57,25,2,42,33,32,39,47,42,41,51,40,21,14,27,53,47
74,20,8,31,70,51,41,56,60,18,7,70,60,49,33,80,28,7,68,34,36,8,41,38,3,20,67,13,72,30,2,33,23,75,50,71,6,88,72,25,64,18,76,71,80,10,11,74,80,79,5,10,85,13,64,86,10,86,30,22,88,64,24,65,72,66,54,88,79,84,28,16,8,31,7,83,18,5,45,42,59,55,5,66,79,32,75,69,29,86,10,26,34,32,51,40,14,25,18,47,19,42,69,30,67,60,64,65,85,6,51,21,32,70,51,10,12,57,79,46,17,19
33,50,85,42,52,83,65,37,31,30,65,38,7,6,81,75,25,60,16,71,24,59,53,27,27,45,60,58,73,51,9,38,33,61,35,20,45,42,63,68,18,10,29,8,88,33,48,29,11,72,51,49,51,67,44,40,87,15,8,3,50,24,70,6,69,36,16,87,1,15,18,19,59,30,23,37,12,66,35,14,1,76,30,4,42,8,60,46,10,39,76,7,87,48,77,42,74,15,65,29,64,19,59,79,82,80,27,36,24,42,34,81,71,72,4,64,42,71,10,73,38,55
65,21,54,72,37,20,64,38,10,54,64,8,69,38,32,72,82,18,14,72,54,24,66,52,34,76,1,2,58,35,3,14,17,1,33,33,40,40,25,20,73,57,27,27,34,44,36,55,44,88,84,54,17,53,74,69,75,73,55,47,87,18,65,42,6,27,50,36,30,67,75,13,36,65,40,66,28,70,22,68,73,24,54,34,13,26,7,76,68,25,48,12,16,67,68,7,68,20,6,45,67,62,82,37,18,2,19,24,35,70,18,75,69,23,55,24,79,60,61,63,59,70
4,35,74,23,58,76,6,7,27,15,50,87,13,42,4,10,72,26,31,12,21,27,18,85,23,32,47,32,33,57,84,45,56,74,41,85,42,46,45,71,46,45,61,52,43,86,69,60,42,60,80,16,3,75,10,23,17,70,68,5,73,76,61,85,28,37,27,55,44,6,53,79,77,79,36,10,21,62,30,44,48,67,9,87,14,34,43,59,6,56,63,16,84,2,37,55,50,47,75,69,22,15,35,60,30,11,5,10,25,56,45,9,60,80,37,75,68,75,74,60,81,33
10,31,20,26,19,46,78,25,70,40,44,49,3,26,55,58,34,51,64,51,80,70,55,40,2,28,48,51,26,49,76,20,59,76,51,54,79,44,56,5,34,65,86,6,24,81,85,83,70,73,8,26,14,18,24,55,16,63,73,7,74,62,50,88,75,21,7,32,67,46,51,61,35,22,45,48,72,7,50,86,27,18,20,5,26,5,18,83,15,31,49,67,29,28,22,44,28,36,23,4,84,79,60,65,9,8,22,20,38,59,5,24,1,85,39,39,32,30,15,54,16,82
42,52,22,55,42,82,47,48,76,47,80,88,76,27,21,63,41,32,49,59,34,2,7,36,1,68,34,84,79,54,16,25,64,3,27,79,50,76,37,29,32,64,85,20,69,58,88,1,23,35,44,27,87,27,23,37,30,67,59,36,45,66,44,47,17,22,8,22,83,65,50,45,22,64,38,64,61,12,26,74,33,54,8,25,62,13,65,24,47,28,66,60,43,54,49,9,82,7,66,49,18,63,20,5,65,29,55,29,58,3,72,25,62,57,87,17,7,55,59,70,21,50
25,75,43,66,81,68,44,62,17,24,12,29,43,81,69,41,11,21,84,26,50,74,37,86,35,48,40,81,86,36,19,36,78,35,58,4,54,50,36,22,59,19,3,50,25,51,17,34,69,66,88,56,16,2,73,16,50,30,79,37,82,34,7,68,5,41,76,59,13,83,81,34,6,51,42,74,83,69,40,84,47,83,17,6,55,49,4,6,40,2,42,44,4,73,69,56,47,12,11,20,5,24,44,53,43,63,71,28,55,10,33,84,27,73,26,67,63,62,67,41,28,14
20,36,42,86,64,14,45,1,58,82,32,23,54,14,15,56,21,58,88,47,57,60,80,4,7,21,62,7,40,44,51,59,12,6,37,5,49,14,79,49,88,27,36,86,84,41,66,42,36,74,79,28,9,22,25,14,27,23,36,20,38,46,45,59,84,35,77,78,24,87,21,18,67,61,78,62,64,87,20,25,26,56,87,71,4,7,52,80,11,14,50,33,58,10,84,67,16,50,29,82,81,51,19,42,36,19,75,5,69,82,81,68,53,34,61,61,84,46,39,13,71,41
87,53,36,29,51,5,75,46,71,36,39,57,28,50,1,48,33,52,73,29,27,31,19,30,81,56,17,66,29,43,33,50,58,39,38,32,10,66,13,60,52,40,15,63,9,29,18,41,60,56,9,25,38,14,22,36,1,35,49,62,1,41,21,82,65,87,57,85,33,30,34,64,75,24,14,58,22,33,36,21,22,88,34,68,18,37,85,57,41,16,38,57,64,53,23,71,59,21,52,23,1,58,86,63,72,65,1,70,80,17,84,43,45,74,73,7,58,56,64,50,76,2
82,22,57,33,32,52,36,55,45,52,16,46,5,83,17,37,5,38,82,36,81,9,57,26,78,52,79,38,53,72,18,79,49,40,69,36,70,83,4,3,62,74,58,59,7,27,31,40,73,25,22,5,18,76,87,61,74,47,62,82,34,6,28,34,12,17,24,19,2,24,69,54,60,19,85,22,88,10,10,26,15,68,12,86,60,84,56,7,86,46,1,10,60,88,1,50,4,82,25,34,82,13,77,11,76,52,59,4,76,41,86,4,17,20,40,82,24,5,88,35,32,28
48,37,25,6,16,40,30,5,24,68,60,55,79,10,37,47,76,48,85,62,53,15,51,88,80,43,78,56,48,4,77,51,25,25,24,67,17,75,17,62,7,34,22,44,57,7,25,12,52,32,87,34,26,33,68,13,64,27,53,16,6,31,71,80,32,62,58,67,57,70,85,66,12,32,56,39,87,51,15,7,61,25,46,7,11,80,57,16,77,57,59,8,25,5,72,8,64,65,20,48,57,88,33,76,44,87,61,25,67,32,64,14,20,43,67,42,74,33,81,3,63,81
81,7,81,79,88,22,2,70,18,84,53,51,2,79,42,55,40,28,18,58,63,63,11,43,57,53,85,77,77,20,44,26,39,7,81,51,9,37,3,28,28,7,43,18,48,31,86,4,17,86,37,52,86,36,14,35,57,65,47,10,66,53,85,29,41,31,86,13,40,23,36,35,19,41,88,82,70,31,73,35,66,38,33,82,67,61,37,19,38,62,77,23,74,29,55,2,29,52,28,77,24,25,11,52,2,58,41,69,3,16,68,67,82,44,18,48,39,23,34,30,83,30
55,49,58,14,4,54,14,28,64,9,24,56,33,76,85,33,55,45,55,10,69,6,36,10,58,80,44,30,84,86,12,15,21,15,30,74,62,7,67,76,25,52,2,55,55,9,2,88,29,46,28,20,56,16,65,48,45,31,71,65,11,17,31,23,35,82,28,15,72,66,86,42,20,44,39,7,11,76,11,32,67,73,10,15,40,62,71,79,76,52,54,42,79,50,48,24,71,27,73,54,4,4,78,84,21,1,35,40,72,57,7,19,55,14,69,54,77,15,52,37,25,52
85,56,47,77,7,43,76,84,87,26,23,10,86,22,28,52,49,3,21,37,73,13,6,48,75,15,53,28,6,65,62,43,74,32,32,17,26,72,70,34,3,54,60,80,73,22,20,8,59,62,85,36,55,87,83,74,52,9,15,35,68,10,81,4,8,43,52,76,47,80,64,73,86,70,37,71,26,52,63,55,81,8,57,67,39,22,72,41,82,73,81,45,77,65,39,11,37,10,22,21,86,11,16,55,84,51,81,71,8,37,6,41,29,28,76,23,23,41,55,57,30,26
77,34,35,50,29,56,73,29,5,42,6,48,68,44,67,83,13,67,30,5,64,20,5,65,30,74,29,22,88,25,71,44,7,85,86,73,61,47,46,55,1,41,81,49,30,19,61,78,47,12,25,82,78,52,53,2,78,69,4,50,52,49,48,39,21,16,5,5,39,44,20,85,61,83,1,78,44,37,70,17,80,66,81,31,56,31,73,58,36,3,28,54,52,62,9,81,32,40,2,60,6,37,17,64,40,85,60,85,41,55,13,56,22,50,77,6,9,2,71,77,46,51
23,14,45,44,44,85,26,85,29,58,71,75,39,45,74,82,53,49,11,25,37,83,77,33,47,29,57,5,44,68,22,5,8,65,49,12,67,65,39,30,9,87,10,81,21,67,72,10,79,3,61,8,29,38,69,20,3,74,24,39,77,2,42,57,66,55,73,75,80,10,54,57,10,12,35,12,42,53,48,77,31,53,74,39,19,85,66,14,63,83,86,24,73,30,59,87,79,51,77,84,15,23,80,29,4,83,30,48,50,24,40,58,88,19,21,77,35,69,87,5,65,10
2,5,41,9,1,61,20,76,1,74,69,68,56,36,24,17,80,40,4,4,25,87,21,1,88,3,56,59,87,37,20,42,67,80,72,39,39,3,7,14,86,38,87,12,71,13,24,50,57,4,52,6,23,79,8,63,59,20,14,11,69,57,1,73,40,71,23,43,32,48,11,44,54,75,84,86,2,73,21,62,74,12,77,40,10,47,83,15,79,55,33,29,45,41,17,45,8,54,76,57,49,74,88,41,62,88,77,37,14,73,37,78,23,21,17,49,73,17,3,28,57,7
7,57,16,27,55,25,67,2,2,3,61,83,27,30,65,29,47,71,74,38,48,47,79,3,66,83,3,67,56,58,21,32,2,81,62,56,5,32,43,84,54,66,63,25,63,53,13,2,56,58,42,7,8,50,49,80,2,62,7,44,2,15,6,48,27,76,37,52,10,31,45,29,42,36,77,60,52,85,61,67,85,57,47,50,51,82,23,17,32,1,31,64,7,77,66,70,58,22,71,31,69,73,6,17,83,22,74,56,66,72,69,34,9,59,45,35,60,61,9,72,44,11
31,40,23,71,77,18,15,3,51,85,58,16,34,88,9,46,18,61,76,40,31,22,28,37,61,33,87,14,24,50,82,41,71,63,84,23,68,33,19,24,50,8,52,74,56,24,4,57,25,18,83,45,57,88,1,28,58,71,67,53,41,28,29,37,82,50,40,77,8,7,43,12,32,14,81,73,24,4,88,22,65,23,82,27,21,63,5,47,12,5,46,27,63,39,64,59,22,86,5,75,45,52,14,7,68,47,40,8,86,74,60,7,78,33,31,16,17,83,46,39,37,48
6,83,88,49,31,48,33,60,33,83,25,52,20,64,84,85,6,24,5,28,12,11,20,58,69,17,72,27,28,87,68,52,73,30,8,11,64,87,12,33,15,60,62,2,20,34,75,28,30,68,73,35,70,25,84,4,18,6,31,61,3,75,87,19,51,52,67,42,27,32,72,2,28,9,9,56,32,35,7,43,24,26,88,9,72,1,39,49,81,77,87,65,80,36,15,72,26,42,46,66,62,29,55,33,58,41,13,14,11,53,85,47,13,39,30,46,54,49,72,88,36,35
